{
    "epoch": 100.0,
    "eval_accuracy": 0.9990540157033393,
    "eval_loss": 0.006221685092896223,
    "eval_runtime": 9.908,
    "eval_samples": 31,
    "eval_samples_per_second": 3.129,
    "eval_steps_per_second": 3.129,
    "perplexity": 1.0062410799776857,
    "train_loss": 0.0877245722663018,
    "train_runtime": 3202.5299,
    "train_samples": 31,
    "train_samples_per_second": 0.968,
    "train_steps_per_second": 0.968
}